;Y;Cancer type;Numerosità;SE;SSE;Deviance;MSE;Variance;Root_MSE;RSE;RRSE;MAE
0;BMS-708163_IC_50;blood;374;271.48464960445455;698.1900585999766;501.1207672367864;1.8668183385026114;1.3398950995635999;1.36631560721;1.3932570834169247;1.18036311507;1.0155824052840565
0;BMS-708163_AUC;blood;374;-30.630207174150225;3.1250650015175796;0.616823594834933;0.008355788774111176;0.0016492609487565053;0.0914100036873;5.066383691683961;2.25086287714;0.08547840718436392
0;Z-LLNle-CHO_IC_50;blood;122;-91.08822067973799;453.4427962685145;385.4096526526288;3.7167442317091353;3.1590955135461374;1.92788594883;1.1765216391121482;1.08467582213;1.6167723473449007
0;Z-LLNle-CHO_AUC;blood;122;-21.686501523749772;6.082600574414147;0.846930739698008;0.049857381757493005;0.0069420552434262955;0.223287665932;7.18193388113771;2.67991303611;0.1964741414607191
0;combine_BMS;blood;374;292.7863201653707;800.9582264254644;571.7501267574983;2.1415995358969635;1.5287436544318136;1.46342049183;1.400888585662146;1.18359139303;1.1053351115208012
0;combine_Z-LLNl;blood;122;-35.41544593125256;379.93210769932284;368.23992892769957;3.1141976040928103;3.0183600731778655;1.764708929;1.0317515235397487;1.01575170369;1.4606701807686109
