;Y;Cancer type;Numerosità;SE;SSE;Deviance;MSE;Variance;Root_MSE;RSE;RRSE;MAE
0;BMS-708163_IC_50;blood;374;361.4760769888571;918.7651783417955;501.1207672367864;2.4565913859406296;1.3398950995635999;1.56735171099;1.8334206810225178;1.35403865566;1.179531767616387
0;BMS-708163_AUC;blood;374;10.109366756456192;0.9681384635969934;0.616823594834933;0.0025886055176390197;0.0016492609487565053;0.0508783403585;1.5695548479400745;1.25281876101;0.034549788732535544
0;Z-LLNle-CHO_IC_50;blood;122;-90.20974157710317;577.8631285208857;385.4096526526288;4.736583020662997;3.1590955135461374;2.17636922894;1.4993478355917462;1.22447859744;1.7533639941894956
0;Z-LLNle-CHO_AUC;blood;122;-2.9460511964250387;1.186252270149924;0.846930739698008;0.009723379263523967;0.0069420552434262955;0.098607196814;1.4006484999858533;1.18348996615;0.07704622645935096
0;combine_BMS;blood;374;397.12966441742304;1078.6210586901952;571.7501267574983;2.884013525909613;1.5287436544318136;1.69823835957;1.8865252637673326;1.37350837776;1.2926641202458935
0;combine_Z-LLNl;blood;122;-89.65820922750378;558.6930635849473;368.23992892769957;4.579451340860223;3.0183600731778655;2.13996526627;1.517198488528498;1.23174611366;1.719755268253012
