;Y;Cancer type;Numerosità;SE;SSE;Deviance;MSE;Variance;Root_MSE;RSE;RRSE;MAE
0;BMS-708163_IC_50;blood;374;407.3660785187656;946.9703100521575;501.1207672367864;2.532006176610047;1.3398950995635999;1.59122788331;1.8897047816912786;1.37466533443;1.1926576891931853
0;BMS-708163_AUC;blood;374;-9.198908999999976;0.8430800835789984;0.616823594834933;0.0022542248224037393;0.0016492609487565053;0.0474786775553;1.3668090693006216;1.16910609839;0.04163912566844918
0;Z-LLNle-CHO_IC_50;blood;122;-96.19198351879267;461.7817185579862;385.4096526526288;3.7850960537539855;3.1590955135461374;1.94553233172;1.1981581555617962;1.09460410906;1.632308139641125
0;Z-LLNle-CHO_AUC;blood;122;-4.2574840000738785;0.9955059037216321;0.846930739698008;0.00815988445673469;0.0069420552434262955;0.0903320787801;1.175427761751335;1.08417146326;0.07613728688560195
0;combine_BMS;blood;374;449.21378649231866;1113.6455399470394;571.7501267574983;2.977661871516148;1.5287436544318136;1.72559029654;1.9477836345445716;1.39563019262;1.305875883447292
0;combine_Z-LLNl;blood;122;-103.84890917128578;457.64715679328015;368.23992892769957;3.7512062032236075;3.0183600731778655;1.9368030884;1.2427961251402881;1.11480766285;1.623608709956774
